gcc_size, pn 
1313, 0.130737, 2.00861
1019, 0.101748, 2.00298
481, 0.0482527, 1.99367
87, 0.00880116, 1.97701
3, 0.00045, 1.33333
